,Algorithm,ProofType,TotalCoinsMined,TotalCoinSupply,PC1,PC2,PC3,CoinName,Class
42,Scrypt,PoW/PoS,41.99995383,42,-0.3233670139662432,0.9592580624775335,-0.5421917214357793,42 Coin,3
404,Scrypt,PoW/PoS,1055184902.04,532000000,-0.3066462065971946,0.958870205484126,-0.5428715686189338,404Coin,3
1337,X13,PoW/PoS,29279424622.5027,314159265359,2.3103439575384375,1.6446503919039235,-0.6899093500130767,EliteCoin,3
BTC,SHA-256,PoW,17927175.0,21000000,-0.15849298084585198,-1.179278385842683,0.25718740579917554,Bitcoin,0
ETH,Ethash,PoW,107684222.6865,0,-0.17018076425243778,-1.945334309889945,0.3311079038819156,Ethereum,0
LTC,Scrypt,PoW,63039243.3000049,84000000,-0.1614065875788113,-1.1874006510066377,-0.011217571763698923,Litecoin,0
DASH,X11,PoW/PoS,9031294.37563393,22000000,-0.4073498557028044,1.347404392199349,-0.4965015484783788,Dash,3
XMR,CryptoNight-V7,PoW,17201143.1449131,0,-0.15661262690257138,-2.152241071651665,0.4426674502476371,Monero,0
ETC,Ethash,PoW,113359703.0,210000000,-0.1686168981868382,-1.9454882656000783,0.3310774262727637,Ethereum Classic,0
ZEC,Equihash,PoW,7383056.25,21000000,-0.130084161301512,-2.1949272098917363,0.23232872639053204,ZCash,0
BTS,SHA-512,PoS,2741570000.0,3600570502,-0.24904376805958522,1.253835942004782,0.014717725434473142,Bitshares,3
DGB,Multiple,PoW,11406219141.0,21000000000,0.14838817095404175,-1.750007505725947,0.3867790046035345,DigiByte,0
BTCD,SHA-256,PoW/PoS,1288862.0,22000000,-0.31927975736450737,0.9673181039687879,-0.2738246164915695,BitcoinDark,3
XPY,SHA-256,PoS,11995334.8847328,12500000,-0.2677513820590196,0.6692950320429719,-0.002852994391565724,PayCoin,3
PRC,Scrypt,PoW,5768310.0,21000000,-0.16255694629089856,-1.1873545798345086,-0.011176253907289184,ProsperCoin,0
KOBO,X15,PoW/PoS,25542535.5881841,350000000,-0.2266108476068242,1.8970250449190158,-0.5858363694069592,KoboCoin,3
SPR,X11,PoW,11149733.9976203,20000000,-0.2467481906509847,-0.7991913946240915,0.0345190104417439,Spreadcoin,0
ARG,Scrypt,PoW,12205795.4449549,64000000,-0.16217205662983608,-1.187386093130114,-0.011185549046649217,Argentum,0
AUR,Scrypt,PoW/PoS,18135099.992959,16768584,-0.3230253809686311,0.9592458058484904,-0.5422043930515423,Aurora Coin,3
BLU,Scrypt,PoW/PoS,635423900.0,0,-0.3155774991574042,0.9592593837196337,-0.5425596379528759,BlueCoin,3
XMY,Multiple,PoW,1688254250.0,2000000000,-0.10593994477751739,-1.736097318053516,0.3948659786446167,MyriadCoin,0
MOON,Scrypt,PoW,88.0,384000000000,2.569641941696239,-1.468879786501258,-0.06089170619437375,MoonCoin,0
ZET,SHA-256,PoW,170204389.754849,169795588,-0.1555674684716314,-1.1793871629631796,0.25707996931354893,ZetaCoin,0
SXC,Scrypt,PoW,128940951.183046,250000000,-0.15941751170475613,-1.1875222216313646,-0.011277223681104197,SexCoin,0
QTL,Scrypt,PoW,7357794.7925,100000000,-0.16197532287224928,-1.1874124976408131,-0.011187403399347458,Quatloo,0
ENRG,Scrypt,PoW/PoS,123062801.128773,0,-0.3218584161705243,0.9592583183877799,-0.5422629759509621,EnergyCoin,3
QRK,Quark,PoW,259557164.91477,247000000,-0.23221276124024007,-0.4272655819495225,0.028816868552967456,QuarkCoin,0
RIC,Groestl,PoW,49548585.1412917,84000000,-0.2195711721605737,-1.209775348991706,-0.05248537111125816,Riecoin,0
DGC,Scrypt,PoW,33442988.3440364,48166000,-0.16202438435150257,-1.1873744398221475,-0.011195795350062984,Digitalcoin ,0
BTB,Scrypt,PoW/PoS,42579.476901,500000,-0.3233629349706687,0.9592576960074625,-0.5421918108015016,BitBar,3
CAT,Scrypt,PoW,7219956.64626131,21000000 ,-0.1625391508881297,-1.1873545768161577,-0.011177094424653113,Catcoin,0
CBX,Scrypt,PoW/PoS,1039116.65144562,1000000,-0.32334716081309056,0.9592573314902101,-0.5421924525476571,CryptoBullion,3
CCN,Scrypt,PoW,4703879.51824446,13140000,-0.16262592410164575,-1.1873488192637551,-0.011174619854623011,CannaCoin,0
CRYPT,X11,PoW,4996986.20575291,18000000,-0.2468378471218822,-0.7991899410600058,0.03452283190807075,CryptCoin,0
CSC,Scrypt,PoC,39999997299.8568,40000000000,0.6436354588020256,0.34013268985681,-0.33391395514392036,CasinoCoin,3
DMD,Groestl,PoW/PoS,3304487.74735637,4380000,-0.3812945448716549,0.9368801881222739,-0.5834698124405137,Diamond,3
XVG,Multiple,PoW,15929530669.1206,16555000000,0.17220923450735953,-1.7467391216045063,0.38473551613293905,Verge,0
DVC,SHA-256,PoW,18773857500.0,21000000000,0.22071139690973696,-1.1946207417325048,0.24361111582437364,DevCoin,0
EAC,Scrypt,PoW,12539015186.822,13500000000,0.08699742537865447,-1.197211034623837,-0.02017842707546594,EarthCoin,0
EFL,Scrypt,PoW,20910478.8062499,21000000 ,-0.1623713219219131,-1.1873545483500052,-0.011185021368599784,E-Gulden,0
EMC2,Scrypt,PoW,218871896.499999,299792458,-0.1579607619784268,-1.187558541407379,-0.011335741844942222,Einsteinium,0
EMD,Scrypt,PoW,19496786.31025,32000000,-0.16231037963338651,-1.1873626162542976,-0.011185627141179183,Emerald,0
EXCL,PoS,PoS,5679705.0,0,-0.3288858130151275,1.388756017199422,-0.144573795551373,Exclusive Coin,3
FLT,Scrypt,PoS/PoW/PoT,461829905.32893,0,-0.19962976972228075,-0.2369495404015361,-0.2546339974077777,FlutterCoin,0
FRK,Scrypt,PoW,1142732.14912776,11235813,-0.16268312896416898,-1.187347430559102,-0.011172311356020342,Franko,0
FTC,NeoScrypt,PoW,208669093.00773,336000000,-0.1776478217273621,-1.5868039605167314,0.3049233629459348,FeatherCoin,0
GDC,Scrypt,PoW,884125802.0,1420609614,-0.14183019705505426,-1.188378917351285,-0.011866057134238574,GrandCoin,0
GLC,Scrypt,PoW,65672720.4708748,70000000,-0.1614739238308736,-1.1873903810302253,-0.011217283808866088,GlobalCoin,0
GLD,Scrypt,PoW,41658647.9999715,72245700,-0.1617523271585146,-1.1873920774609565,-0.011203670210245105,GoldCoin,0
HBN,Scrypt,PoW/PoS,89266933.684704,120000000,-0.32141883099964913,0.9591702666825702,-0.5422589457910876,HoboNickels,3
HYP,X11,PoS,1678520090.7713,0,-0.3355757948754476,1.0493939340457843,-0.22648875875188673,HyperStake,3
IFC,Scrypt,PoW,90595753018.6314,90600000000,1.5924955515744827,-1.253576806255891,-0.07535717587963783,Infinite Coin,0
IOC,X11,PoW/PoS,17650913.9743456,22000000,-0.407244189766215,1.3474044101217746,-0.4965065393209955,IOCoin,3
IXC,SHA-256,PoW,21089348.999,21000000,-0.1584542164812027,-1.1792783792677015,0.2571855748700331,IXcoin,0
KGC,Scrypt,PoW,151447649.8,265420800,-0.15903187786242606,-1.187533481035007,-0.01129225200899954,KrugerCoin,0
LKY,Scrypt,PoW,19326319.14375,20000000,-0.16239785744586083,-1.187353818465261,-0.01118397464182326,LuckyCoin,0
LTB,Scrypt,PoW,1104344.22938102,1350000,-0.16275394378086147,-1.187340182572153,-0.011171009083309768,Litebar ,0
MAX,SHA3,PoW/PoS,61445805.0,100000000,-0.3817847569629122,1.9083130373591364,-0.6525077842270353,MaxCoin,3
MEC,Scrypt,PoW,38151999.9930997,42000000,-0.16201053290873133,-1.187369909251496,-0.011197723520269714,MegaCoin,0
MED,HybridScryptHash256,PoW,40431856.9,200000000,-0.18430665403060234,-2.0315469007723936,0.34689471300736563,MediterraneanCoin,0
MINT,Scrypt,PoS,21293925445.4969,0,-0.010864948293526147,0.6612722787278741,-0.28354451779034157,MintCoin,3
MINC,Scrypt,PoW,5804204.88794916,10000000,-0.16263477868379903,-1.1873465147950149,-0.011174850376648915,MinCoin,0
MZC,SHA-256,PoW/PoS,1613836099.99999,2419200000,-0.2824542161638931,0.9655638810772365,-0.27506869373772297,MazaCoin,3
NAUT,Scrypt,PoS,16180000.0,16180000,-0.2715888102404101,0.6612161739362578,-0.2712265936569081,Nautilus Coin,3
NAV,X13,PoW/PoS,66087096.2077108,0,-0.28323072659609916,1.8749245075204166,-0.6323162304390672,NavCoin,3
NOBL,Scrypt,PoW,2366066305.76482,15000000000,-0.027036906227228895,-1.1983319547631013,-0.01448241652749559,NobleCoin,0
NMC,SHA-256,PoW,14736400.0,21000000,-0.15853209582360245,-1.1792783924771335,0.25718925328857856,Namecoin,0
NYAN,Scrypt,PoW,334709223.483138,337000000,-0.15627598203691873,-1.1875855803259048,-0.01140763051885429,NyanCoin,0
OPAL,X13,PoW/PoS,15156364.3306548,0,-0.2838550747385362,1.8749244016221909,-0.6322867410556795,OpalCoin,3
ORB,NeoScrypt,PoW/PoS,3220616.279225,3770000,-0.34312033490169336,0.5600364538220582,-0.2259361887906732,Orbitcoin,3
POT,Scrypt,PoW/PoS,222677226.014206,420000000,-0.3176486825065794,0.9589505904901824,-0.542375036563602,PotCoin,3
PXC,Scrypt,PoW/PoS,73959274.625,98000000,-0.3217630289158081,0.9591863647836864,-0.5422472338810782,PhoenixCoin,3
RDD,Scrypt,PoW/PoS,29315567169.0888,0,0.03600578886816527,0.9593190171896004,-0.5591657166269262,Reddcoin,3
RPC,Scrypt,PoW,1104157.42169891,21000000,-0.1626141230659219,-1.1873545895324935,-0.01117355331810675,RonPaulCoin,0
SBC,Scrypt,PoW,24215181.725,250000000,-0.16070132085527564,-1.1875224393834507,-0.011216586453789801,StableCoin,0
SMC,Scrypt,PoW,25593737.1355044,51200000,-0.16209901756236855,-1.1873766806067234,-0.011191643409885616,SmartCoin,0
SUPER,X11,PoS,50707661.7493518,0,-0.35553077350699647,1.0493905494007814,-0.22554623970624205,SuperCoin,3
SYNC,X11,PoW/PoS,1177.0,1000,-0.4076170915618405,1.3474205026199246,-0.4964934714548411,SyncCoin,3
SYS,SHA-256,PoW,563336541.299966,888000000,-0.14563764287636718,-1.1799129176614687,0.25675934668300326,SysCoin,0
TES,Multiple,PoS,80260463.7331396,100000000,-0.24829695378558153,0.11385957609543275,0.13599810501040369,TeslaCoin,3
TGC,SHA-256,PoW,43536800.0,47011968,-0.15799394563715924,-1.179297404012511,0.25716920946978733,TigerCoin,0
TIT,PHI1612,PoS,1622326490.46336,2300000000,-0.3130244531798136,1.5806794200313046,-0.26699886955213,TittieCoin,3
TOR,X11,PoW/PoS,1431851.00002479,10000000,-0.4075284036280657,1.3474131745416105,-0.4964955945303809,TorCoin,3
TRC,SHA-256,PoW,22935396.0,42000000,-0.15828215704946655,-1.179293772180384,0.2571817868459237,TerraCoin,0
UNB,SHA-256,PoW,2278150.0,80000000,-0.15826499384983955,-1.1793216759198584,0.25718882723206155,UnbreakableCoin,0
UNO,SHA-256,PoW,200911.79151896,250000,-0.1588579332814854,-1.1792632092437525,0.2572003562503635,Unobtanium,0
URO,X11,PoW,1207310.0,0,-0.24701238603389558,-0.7991767517245043,0.03452735686286809,UroCoin,0
USDE,Scrypt,PoW/PoS,1098952592.6,1600000000,-0.2985101281098851,0.9580872617186263,-0.5430351984858007,UnitaryStatus Dollar,3
UTC,Scrypt,PoW/PoS,50235211.141939,100000000,-0.32203962541112496,0.9591848490979473,-0.5422337563864509,UltraCoin,3
VIA,Scrypt,PoW,23150892.1679687,23000000,-0.16232962586006566,-1.1873560100488505,-0.011186577555679419,ViaCoin,0
VRC,Scrypt,PoST,32021108.4136696,0,-0.23053022240974222,-0.17266857155264262,-0.2713327710847066,VeriCoin,3
VTC,Lyra2REv2,PoW,51173723.8166347,84000000,-0.2276448995918234,-1.0801055673532003,0.1527111772346988,Vertcoin,0
WDC,Scrypt,PoW,119606941.0,265420800,-0.15942220579726005,-1.1875335472401143,-0.011273815932498191,WorldCoin,0
XC,X11,PoW/PoS,6950831.0970606,5500000,-0.4074927682543482,1.3474164853208104,-0.4964982073989544,X11 Coin,3
XCR,Multiple,PoS,100000000.0,0,-0.24876653880031724,0.11393293500140775,0.13599962393936715,Crypti,3
XJO,SHA-256,PoW,39195739.362088,45000000,-0.15806147821180458,-1.1792959379067753,0.25717198350148857,JouleCoin,0
XST,X13,PoW/PoS,33093725.4123502,0,-0.2836351847495485,1.8749244389186255,-0.6322971269601895,StealthCoin,3
ZCC,Scrypt,PoW/PoS,147990237.978331,1000000000,-0.31443716189515175,0.9585251915948976,-0.5424068922788549,ZCC Coin,3
BCN,CryptoNight,PoW,184066828814.0,184467440735,3.858921146933393,-2.378022469603009,0.2724577329814266,ByteCoin,0
XDN,CryptoNight,PoW,6906587610.38292,10000000000,0.4457009182838912,-2.250475033733182,0.39762580127626623,DigitalNote ,0
BURST,Shabal256,PoC,1813033920.0,2158812800,-0.10244767841411588,0.9813050634820821,-0.20934161967016676,BurstCoin,3
SJCX,Counterparty,PoS,51173144.0,500000000,-0.3270550865244492,1.4320804269665406,-0.22776154264818338,StorjCoin,3
MONA,Scrypt,PoW,68194674.8711679,105120000,-0.16119310528090428,-1.1874161250196844,-0.011223291491262395,MonaCoin,0
NTRN,SHA-256,PoW/PoS,39121694.0,68000000,-0.3184886523384049,0.9672844564163946,-0.2738524782877158,Neutron,3
FAIR,Groestl,PoW/PoS,53193831.0,0,-0.3807141295276834,0.9368835031775525,-0.5834981317138884,FairCoin,3
NLG,Scrypt,PoW,415032420.0,1680000000,-0.1457349674973438,-1.1885700722044699,-0.011628034228244027,Gulden,0
RBY,Scrypt,PoS,27184490.3918338,0,-0.2715690403348848,0.6612280596475809,-0.27123087032604326,RubyCoin,3
PTC,Scrypt,PoW,137517654.41397,166386000,-0.15990734188215924,-1.1874608998007445,-0.011271363074611667,PesetaCoin,0
KORE,X13,PoW/PoS,2022464.886973,12000000,-0.2839306921000998,1.8749155761699194,-0.6322806901988645,Kore,3
WBB,Scrypt,PoW,181919.2435974,2628000,-0.16275615774478658,-1.1873411214923952,-0.011170640469779848,Wild Beast Coin,0
NOTE,Scrypt,PoS,174646113.934655,500000000,-0.2662035048896407,0.6608617769468615,-0.2713809935748776,Dnotes,3
FLO,Scrypt,PoW,152270664.860648,160000000,-0.15977192881380467,-1.1874561870467126,-0.011279078330399463,Flo,0
8BIT,Scrypt,PoW/PoS,1467841.0,0,-0.3233490208543402,0.959258065560263,-0.5421925713000744,8BIT Coin,3
STV,X13,PoW/PoS,7096834.0,10000000,-0.28388271792391745,1.8749170530780983,-0.6322833693411594,Sativa Coin,3
ABY,Scrypt,PoW,792537250.0,1000000000,-0.14594588120180155,-1.188070725809859,-0.011758564644445623,ArtByte,0
FLDC,Stanford Folding,PoW,719416990.0,1000000000,-0.1734659473411755,-2.149656796988921,0.09035160436645116,Folding Coin,0
U,X11,PoS,2689812.0,20000000,-0.3559770998055023,1.049375785986725,-0.22552102657165596,Ucoin,3
UIS,Multiple,PoW,65113302.0,0,-0.14006900590290458,-1.7346343357382936,0.39606475906246563,Unitus,0
CYP,QuBit,PoW,6365285.0,0,-0.21074187688154505,-1.3925617420823662,0.055686239250722615,CypherPunkCoin,0
OMC,Scrypt,PoW,10140044.4430293,3371337,-0.1626287940313398,-1.1873416457856638,-0.011176502569585228,OmniCron,0
VTR,Scrypt,PoW/PoS,11604722.0,20000000,-0.32308244166770705,0.9592434230650023,-0.5422010303136722,Vtorrent,3
GRE,Scrypt,PoW,4610340640.89,10000000000,-0.035103235466827094,-1.1946613952161145,-0.015134457431665882,GreenCoin,0
XCN,M7 POW,PoW,708506520.0,1840000000,-0.16727715038416957,-1.9095235961558155,0.18949224435410736,Cryptonite,0
MSC,Scrypt,PoW,619478.0,619478,-0.1627650858013916,-1.1873396479772018,-0.011170633750846811,MasterCoin,0
SOON,SHA-256,PoW,12462620.0,21000000,-0.15855996957029705,-1.1792783972049128,0.257190569829058,SoonCoin,0
1CR,Scrypt,PoW,88213.0,92000000000,0.49186605244133497,-1.2547916282558629,-0.023082691344174892,1Credit,0
ISL,X11,PoW/PoS,1513704.0,0,-0.40759855695647484,1.3474205064980398,-0.4964943470930316,IslaCoin,3
NXS,SHA3,PoW/nPoS,63657220.0,78000000,-0.3361029077158682,1.879022348612328,-0.5722241370767629,Nexus,3
MARS,X11,PoW,32221574.820996,33000000,-0.24639737202569356,-0.7992008821323647,0.03450512636299967,MarsCoin ,0
CTO,Lyra2RE,PoW,13742738.0,65789100,-0.1606851374054068,-2.2054517988721787,0.3333361263632662,Crypto,0
ACP,SHA-256,PoW,14747200.0002,53760000,-0.15829885393051543,-1.1793024113863828,0.25718500516884296,Anarchists Prime,0
DRZ,QUAIT,PoW/PoS,8568038.35935056,5060000,-0.41627691807170875,2.104694529850679,-0.5323983092919132,Droidz,3
BSC,X11,PoW,15863837.5,21000000,-0.24668328586450433,-0.7991921180008688,0.03451615144739406,BowsCoin,0
SQL,X11,PoS/PoW,329200.01639,0,-0.38061608476659603,0.9230541672089104,-0.12933653839043238,Squall Coin,3
SONG,Scrypt,PoW,32565300.0,210240000,-0.16088187789374336,-1.1874932708393147,-0.011216273004398257,Song Coin,0
ZNY,Scrypt,PoW,75614500.0,250000000,-0.16007122841982843,-1.1875223325109128,-0.011246347153206706,BitZeny,0
DIGS,Scrypt,PoS,100000000.0,100000000,-0.26996484427421436,0.6611548931875952,-0.2712859795163613,Diggits,3
EXP,Ethash,PoW,10495278.0,16906397,-0.17125188078049758,-1.9453469073798937,0.331161988122497,Expanse,0
CON,X13,PoW/PoS,23042604.0,50000000,-0.2834026154103671,1.8748877590885582,-0.6322977814193793,Paycon,3
SC,Blake2b,PoW,33098296530.0,0,0.34917533849995064,-2.071963457846564,0.2929841660996756,Siacoin,0
EMC,SHA-256,PoW/PoS,43059794.804778,1000000000,-0.311808567381626,0.9666011421276272,-0.2739754367372973,Emercoin,3
EGC,X15,PoW/PoS,13530556.4180753,26298000,-0.22906145778436465,1.8972623513297746,-0.5857875004163555,EverGreenCoin,3
MND,X11,PoW,15867695.0,16000000,-0.24671881694906445,-0.7991884520997306,0.03451679662937592,MindCoin,0
I0C,SHA-256,PoW,20997476.8650231,21000000,-0.15845534272058856,-1.1792783794587276,0.2571856280648819,I0coin,0
DCR,BLAKE256,PoW/PoS,10365046.9281661,21000000,-0.06944514300348009,0.8856676410422214,-0.39933917516871764,Decred,3
RVR,Scrypt,PoW,210000000.0,210000000,-0.15870845442806425,-1.1874927259436001,-0.011318978325551203,Revolution VR,0
HODL,1GB AES Pattern Search,PoW,11448949.0,81962100,-0.1741189361066305,-2.0048553571804613,0.29775623298011084,HOdlcoin,0
EDRC,SHA-256,PoW/PoS,3669691.84494672,22000000,-0.3192505713183549,0.9673181089191518,-0.2738259950149382,EDRCoin,3
HTC,X11,PoW/PoS,10996318099.0,26550000000,-0.08389461617954332,1.3279774750992739,-0.5062982209044992,Hitcoin,3
GAME,Scrypt,PoW,69836100.0,84000000,-0.16132326647387812,-1.1874006368742063,-0.011221507209071207,Gamecredits,0
DBIC,SHA-256,PoW/PoS,5129014.0,10500000,-0.3193145120806497,0.9673265435076318,-0.27382535092081883,DubaiCoin,3
DIEM,SHA-256,PoW,21739971929.0,21626280000 ,0.2615287169878203,-1.195073749518232,0.2418126143774398,CarpeDiemCoin,0
PWR,NIST5,PoW/PoS,10069449031.9252,0,-0.23107512588033827,1.5866522272895405,-0.5897920150744566,PWR Coin,3
BLRY,Scrypt,PoW/PoS,8998743.2411911,42000000,-0.322957842922502,0.9592272877167787,-0.5422023700551688,BillaryCoin,3
GPU,Scrypt,PoS,40477042.0,221052632,-0.2698331514097836,0.6610660162217986,-0.27126718942178013,GPU Coin,3
ADZ,X11,PoW,45110324.0,84000000,-0.2458764724080527,-0.7992382474431047,0.03449106001509897,Adzcoin,0
SOIL,Dagger,PoW,5702048.0,30000000,-0.15972841448389707,-2.1558653698593573,0.42368845157004764,SoilCoin,0
YOC,Scrypt,PoW,636462.55983338,168351300,-0.16157135253399282,-1.1874626253282579,-0.011192362021739236,YoCoin,0
SIB,X11GOST,PoW,17263355.0,24000000,-0.17111137883209895,-2.115100852045678,0.29862142809800124,SibCoin,0
ERC,X11,PoW/PoS,10407269.7881868,384000000,-0.4047571137480177,1.3471389843986492,-0.4965492180644109,EuropeCoin,3
ZEIT,Scrypt,PoS,36971236046.8073, 99000000000,0.8857713818017645,0.5887201922035765,-0.30544065847388524,ZeitCoin,3
SWING,SHA-256,PoW/PoS,4377081.60953993,40000000,-0.31911381744777095,0.967304913174776,-0.27382873529625407,SwingCoin,3
SAFEX,Scrypt,PoC,2147483647.0,2147483647,-0.08973599810157987,0.3678066404812356,-0.3070957245898415,SafeExchangeCoin,3
NEBU,PoS,PoS,20000000.0,20000000,-0.3285679503172687,1.3887413834025664,-0.1445846768018941,Nebuchadnezzar,3
FRN,Scrypt,PoW,6570807.65677618,20000000,-0.16255422433102465,-1.1873538449872838,-0.011176589078045161,Francs,0
BOLI,X11,PoW,13654082.4987998,25000000,-0.2466819120452332,-0.7991950553100177,0.034516912984374266,BolivarCoin,0
XRA,X11,PoW/PoS,134554941.15119,75000000,-0.40543395940054683,1.347365794728578,-0.49658109048102933,Ratecoin,3
REV,SHA-256,PoW/PoS,1195525.0,222725000,-0.3178526077866415,0.9671709364955139,-0.2738505529442608,Revenu,3
CKC,SHA-256,PoW/PoS,16662820.0,525000000,-0.3155121072447397,0.9669493470876206,-0.27389864816151493,Clockcoin,3
VIP,NIST5,PoW/PoS,83450403.0,90000000,-0.35285077841107654,1.5865654777275624,-0.5840216793454862,VIP Tokens,3
BSD,X11,PoW/PoS,24387724.5010828,139000000,-0.40632907083079206,1.3473186422304047,-0.49652558952202647,BitSend,3
OMNI,Scrypt,PoW,616448.0,616448,-0.16276514450595939,-1.1873396457619705,-0.011170631604113851,Omni,0
LIR,POS 3.0,PoS,38589808.6658096,33500000,-0.32330618700539593,1.3468043143460053,-0.1419422110564923,Let it Ride,3
PUT,Scrypt,PoW/PoS,813092338.575672,2000000000,-0.29916815347575826,0.9577933958914815,-0.5429214758914818,PutinCoin,3
IBANK,Scrypt,PoW/PoS,4526324.0,44333333,-0.32299606604433767,0.9592255676675802,-0.5422000826086272,iBankCoin,3
FRWC,Scrypt,PoW/PoS,100000000.0,100000000,-0.3214295702963212,0.959184952571874,-0.5422625706776215,Frankywillcoin,3
MUDRA,X13,PoS,5000000.0,200000000,-0.2310917183430147,1.5767476853954925,-0.36133016588229483,MudraCoin,3
PIZZA,X11,PoW,1377917.0,25000000,-0.24683240273804163,-0.7991950808353557,0.03452402100221711,PizzaCoin,0
LC,X11,PoS,657000000.0,657000000,-0.34342337682639806,1.0489101116844488,-0.22598235919699944,Lutetium Coin,3
KMD,Equihash,dPoW/PoW,115898131.0,200000000,-0.1298826267998199,-2.3293534497276105,-0.19693723954777625,Komodo,0
GB,X11,PoW/PoS,15563873.0,50000000,-0.40707053543459937,1.3473838767808162,-0.49650895643107174,GoldBlocks,3
CTC,Scrypt,PoW/PoS,43165500.0,90000000,-0.32219744812151563,0.9591921661844157,-0.5422283681247109,CarterCoin,3
KRB,CryptoNight,PoW,7822432.72439746,10000000,0.29004495194579405,-2.243164923609758,0.40291378882864587,Karbo,0
BXT,SHA-256,PoW/PoS,595429.0,21000000,-0.31929537367491473,0.967318835705584,-0.2738240855040937,BitTokens,3
ZYD,SHA-256,PoW,6243840.0,9736000,-0.158716355123927,-1.1792701516113573,0.25719562906012766,ZayedCoin,0
MST,X11,PoW/PoS,657636.34549789,3000000,-0.4075877042695384,1.3474183051821824,-0.4964942398709368,MustangCoin,3
ZNE,Scrypt,PoW/PoS,2581970.0,21000000,-0.32318593383724425,0.9592426711257334,-0.5421959355366248,ZoneCoin,3
COVAL,Multiple,PoW,1000000000.0,1200000000,-0.12006963516734405,-1.7355122062141335,0.395368070953862,Circuits of Value,0
ROOT,Scrypt,PoW/PoS,1939889.0,0,-0.3233432341263455,0.9592580665417736,-0.5421928446204046,RootCoin,3
DOPE,Scrypt,PoW,116845228.0,200000000,-0.15992157412433075,-1.1874855878503408,-0.011263745985981434,DopeCoin,0
BTCR,Scrypt,PoS,169598616.0,0,-0.2698232182839688,0.6612283557635522,-0.2713133294738917,BitCurrency,3
DLC,SHA-256,PoW,9106714.0,10638298,-0.15867483935029325,-1.1792708072043039,0.2571938545962147,DollarCoin,0
SCN,Scrypt,PoW/PoW,665200057.0,3100000000,-0.20510475931040456,0.057861590724678336,-0.19246582933828355,Swiscoin,3
SH,Scrypt,PoW,11119200.0,30000000,-0.16242730988859821,-1.1873611673162294,-0.011180517471961582,Shilling,0
BUZZ,SHA-256D,PoW/PoS,19577787259.0,20000000000,0.040199810005117215,1.9931191809138502,-0.6461640992326911,BuzzCoin,3
XPO,PoS,PoS,74033806.7949683,74000000,-0.327521315866364,1.3887019041072217,-0.14462295498301717,Opair,3
PSB,Scrypt,PoW/PoS,33522957.0,0,-0.3229560645508943,0.9592581322111785,-0.5422111315204053,PesoBit,3
HALLO,X11,PoW/PoS,264678458.288619,1500000000,-0.39369896885708444,1.346321285750692,-0.4968409466692119,Halloween Coin,3
XZC,Lyra2Z,PoW,7568281.24956067,21400000,-0.175149512169871,-2.104142344340625,0.34255801111947837,ZCoin,0
CFC,PoS,PoS,148716816.0,39999898,-0.3268477276730704,1.3887269875405865,-0.14466179472463747,CoffeeCoin,3
ROYAL,X13,PoS,2500124.0,2500124,-0.2325277085905653,1.5768924828848285,-0.36130314553340664,RoyalCoin,3
GNJ,X14,PoW/PoS,100000000.0,100000000,-0.38562478822076834,1.845742136542843,-0.715248890000632,GanjaCoin V2,3
TEAM,PoS,PoS,17818682.1654,301000000,-0.326595186042045,1.388535355673836,-0.14461979854964768,TeamUP,3
LANA,SHA-256D,PoW/PoS,1082162635.53683,7506000000,-0.2754370413673018,2.0022410574264606,-0.6338371928846935,LanaCoin,3
ELE,Ethash,PoW,26205539.0,26205539,-0.1709931226317123,-1.9453536926463109,0.3311516876485898,Elementrem,0
ZCL,Equihash,PoW,5613550.0,21000000,-0.13010585327214536,-2.194927213571,0.23232975095166328,ZClassic,0
ARK,DPoS,DPoS,108202084.0,125000000,3.6465580731025677,2.492991485913083,-0.4602143630447231,ARK,3
INSANE,X11,PoW/PoS,18342813.0,30000000,-0.40717878253857404,1.3473985461314246,-0.4965079758020014,InsaneCoin,3
KLC,Scrypt,PoW,196297971.0,10000000000,-0.08921397057733527,-1.194670573157749,-0.01257868429067871,KiloCoin,0
ATX,X11,PoW,824000000.0,500000000,-0.23336812217983158,-0.7995416302364614,0.03398621043414935,ArtexCoin,0
EMB,X13,PoW/PoS,92192822723.0,850000000,0.8521780857658883,1.8744928611115756,-0.6857685566793864,EmberCoin,3
XEN,X11,PoW/PoS,3853326.77707314,3853326.77707314,-0.40754245703900815,1.3474176861859009,-0.49649620069781725,XenixCoin,3
FRE,PoS,PoS,50000000.0,50000000,-0.3279867169721735,1.3887194504216565,-0.1446059315833732,FreeCoin,3
PLNC,Scrypt,PoW/PoS,17089600.0,38540000 ,-0.32288327920205573,0.9592298413378096,-0.5422066067274806,PLNCoin,3
ARCO,Scrypt,PoW/PoS,2449577.41533168,42000000,-0.323038127641908,0.9592272740993616,-0.5421985780251943,AquariusCoin,3
KURT,X11,PoW,61364813.0,228000000,-0.24465255522565763,-0.7993437913675828,0.03446300294296978,Kurrent,0
XCRE,PoS,PoS,20000000.0,20000000,-0.3285679503172687,1.3887413834025664,-0.1445846768018941,Creatio,3
ENT,X11,PoW/PoS,6069482.07721352,60000000,-0.4071157682463679,1.3473765252532754,-0.49650475391847504,Eternity,3
EUC,SHA-256,PoW/PoS,12416554.0,20000000,-0.3191575768936037,0.9673195934633979,-0.27383080056601067,Eurocoin,3
BCF,Scrypt,PoW/PoS,20244023.640728,33000000,-0.3228840306842935,0.9592339097062502,-0.5422077158327074,BitcoinFast,3
XSN,X11,TPoS,75590369.0,76500000,-0.4073772143582746,0.8736262828230134,-0.2564843993940648,Stakenet,3
BCCOIN,Scrypt,PoW/PoS,11080722.3769581,28000000,-0.3230319398622882,0.9592375565464836,-0.5422017627776712,BitConnect Coin,3
MONEY,Scrypt,PoW/PoS,10914418.0,650659833,-0.31860333382041217,0.9587810353214256,-0.5422822904127007,MoneyCoin,3
XNG,X11,PoW/PoS,814671.0,5000000,-0.40757154786867594,1.3474168391514503,-0.49649458976171584,Enigma,3
XCI,CryptoNight,PoW,978145.0,21000000,0.2900393218149144,-2.2431730028056696,0.4029163274229115,Cannabis Industry Coin,0
RC,Scrypt,PoW/PoS,8377873.0,144000000,-0.3222396552237294,0.9591525022062314,-0.5422152178417663,Russiacoin,3
PND,Scrypt,PoS,33813143821.8337,32514916898,0.37397084068069547,0.6374590674213012,-0.2950033978971989,PandaCoin,3
UNITS,Scrypt,PoW/PoS,3472983.0,13000000,-0.3232319365099843,0.9592485384073691,-0.542195415576899,GameUnits,3
GAKH,Scrypt,PoW/PoS,3315789.0,3315789,-0.3233027732089014,0.9592556383370128,-0.5421940706183784,GAKHcoin,3
ASAFE2,Quark,PoS,10517772.7391666,15000000,-0.34604171535089023,1.4214711958747166,-0.23105383055461287,Allsafe,3
LTCR,QuBit,PoW/PoS,30227750.0,78835200,-0.3704783137144171,0.7539777648359491,-0.4753593117230134,LiteCreed,3
OS76,Scrypt,PoW,894026.0,2714286,-0.1627468142085482,-1.187341183274791,-0.011171063959016736,OsmiumCoin,0
BIC,CryptoNight,PoW,9357088.0,25000000,0.2901705000505808,-2.243175918098163,0.40291095800195287,Bikercoins,0
HXX,Lyra2RE,PoW,1876146.443596,9999999,-0.16122758431167777,-2.2054109201696277,0.33335022097973155,HexxCoin,0
KED,Scrypt,PoW/PoS,23965372.0,500000000,-0.31951539151322933,0.9588915230267259,-0.5422703391379636,Klingon Empire Darsek,3
IOP,SHA-256,PoW/PoS,2526078.47525448,21000000,-0.31927170628650015,0.9673188397199057,-0.2738252033687005,Internet of People,3
KUSH,X11,PoW/PoS,5659096.95728771,9354000,-0.4074811795167065,1.3474136569645443,-0.49649795850034517,KushCoin,3
PRX,Scrypt,PoW/PoS,11821728.0,20000000,-0.3230797814410031,0.9592434235162149,-0.5422011559622323,Printerium,3
PAC,X11,PoW,536982074.0,100000000000,0.471123009049963,-0.8724935000596116,0.02126882789244511,PacCoin,0
IMPCH,Scrypt,PoW/PoS,308179.0,21933333,-0.32320716642490754,0.9592419820981269,-0.5421947398406286,Impeach,3
CTL,CryptoNight-V7,PoW,10969318.522954,185000000,-0.1553726216166998,-2.152376722654594,0.44264710416007436,Citadel,0
ZBC,Scrypt,PoS,2922613.96424908,55000000,-0.2714750990042198,0.6611876843765432,-0.27122394403697303,Zilbercoin,3
FRST,Scrypt,PoW/PoS ,110000000.0,110000000,-0.24949180917264127,0.027126122117099267,-0.3862202510196808,FirstCoin,3
BVC,Scrypt,PoW,3115258.0,3360000,-0.16271498994503605,-1.1873416520799747,-0.011172433682750907,BeaverCoin,0
FIND,X13,PoS,14524851.4827,14524851.4827,-0.2322947361712777,1.576883691614217,-0.36131166496523975,FindCoin,3
VLTC,X11,PoW,30385540.0,1000000000,-0.23953902226177023,-0.7999098696788832,0.03438097928487535,VaultCoin,0
ZER,Equihash,PoW,6921653.89980891,17000000,-0.13011828022514416,-2.194924278136617,0.232329511479339,Zero,0
CHAT,Scrypt,PoW/PoS,1000000000.0,1000000000,-0.30399256994346796,0.958526963144575,-0.5429002141220005,OpenChat,3
CDN,Scrypt,PoW,99843408.3158479,100000000 ,-0.16084156298156393,-1.1874123053391916,-0.011240953458703025,Canada eCoin,0
ZOI,Lyra2RE,PoW,18545757.5,21000000,-0.16094496295182495,-2.205418950474767,0.33333914480041876,Zoin,0
RNS,Scrypt,PoS,36050365.0,34426423,-0.27121538839260173,0.6612028373646105,-0.2712404613927262,RenosCoin,3
DBIX,Dagger-Hashimoto,PoW,2232901.0,2232901,-0.15770306291025904,-2.13920255863079,0.35276260832781026,DubaiCoin,0
XVP,X11,PoW/PoS,13162749.0858027,100000000,-0.4067441865334207,1.3473472128570805,-0.49651404031235735,VirtacoinPlus,3
TAJ,Blake2S,PoW/PoS,12184195.9258495,36900000,-0.40896909962188593,1.9183638283758442,-0.723989013522831,TajCoin,3
IMX,X11,PoW/PoS,110630387.850471,110000000,-0.405478196394224,1.347340083731392,-0.49657176984324636,Impact,3
EB3,Scrypt,PoW,64096052.0,4000000000,-0.13352865085306317,-1.1902717762988857,-0.011725239494754252,EB3coin,0
ATMOS,PoS,PoS,111135836.889,110290030,-0.3268082625593912,1.3886753741777405,-0.1446491363607953,Atmos,3
HPC,X11,PoW/PoS,21521322.0099142,100000000,-0.40664172070804855,1.3473472302367258,-0.49651888000643707,HappyCoin,3
CXT,NIST5,PoW,10123200.0,48252000,-0.19345681799317363,-0.5600013235830424,-0.052952289978622516,Coinonat,0
MCRN,PoS,PoS,401421401.0,400000000,-0.32118823665105795,1.3884635685998354,-0.14485472703880942,MacronCoin,3
RAIN,X11,PoW/PoS,121665451.643876,500000000,-0.402567807006339,1.3470541670129916,-0.4966286576611726,Condensate,3
IMS,Scrypt,PoW/PoS,5368934.0,21212121,-0.32315025970177885,0.9592425213979728,-0.5421975766816587,Independent Money System,3
ARGUS,Scrypt,PoW/PoS,1148324.0,28600000,-0.3231494294476209,0.9592370959872722,-0.542196089513386,ArgusCoin,3
LMC,Scrypt,PoW/PoS,500000.0,1000000000,-0.31624521084154544,0.9585248849243697,-0.542321494013144,LomoCoin,3
PROC,SHA-256,PoS,100545745.0,75000000000,0.2669207826414797,0.6143159841325359,-0.012613880065018722,ProCurrency,3
XGR,X11,PoW/PoS,17171382.0,40000000,-0.40712198609657296,1.3473912119094804,-0.4965085923632139,GoldReserve,3
BENJI,Scrypt,PoW,20276099.146524,35520400,-0.16227577619565056,-1.1873651957159297,-0.011186534203116823,BenjiRolls,0
GRW,Scrypt,PoS,295135466.361878,2000000000,-0.254052941766735,0.6597622595402819,-0.2716449827217463,GrowthCoin,3
ILC,SHA-256,PoW,1317747500.0,2500000000,-0.124919024854626,-1.1810932329861459,0.2561138087243341,ILCoin,0
PHR,PoS,PoS,11390225.9742772,30000000,-0.3286023388137076,1.3887340337143739,-0.1445809864909858,Phreak,3
DEA,Scrypt,PoW/PoS,21358764.0,105000000,-0.32235803677046715,0.9591811231631926,-0.5422176840614586,Degas Coin,3
HTML5,X15,PoW/PoS,40659020000.0,90000000000,0.9094258421397012,1.8313800688798474,-0.6209717036178032,HTML5 Coin,3
USC,SHA-256,PoS,10343113.0,200084200,-0.26643684814902313,0.6691574958820271,-0.0028763267233716484,Ultimate Secure Cash,3
EQT,Scrypt,PoW,13673406.4325268,72000000,-0.16209714012744805,-1.1873919555075574,-0.011187434672338546,EquiTrader,0
QTUM,POS 3.0,PoS,100000000.0,100000000,-0.3220801812189881,1.3467556856552867,-0.1419863787739563,QTUM,3
QRL,CryptoNight-V7,PoW,69036016.8340164,105000000,-0.1552300492652624,-2.1523179476289602,0.4426238416317037,Quantum Resistant Ledger,0
ESP,536,PoW/PoS,22801882871.0,50000000000,0.5448565351264512,2.0761795903291698,-0.7043021519507942,Espers,3
DYN,Argon2d,PoW,19784224.6512734,0,-0.1280749776744117,-2.2532062316960184,0.5021622002961076,Dynamic,0
NANO,Blake2b,PoW,133248297.0,340282367,-0.052514276583837914,-2.0722814885047574,0.3120271851249234,Nano,0
CHAN,Cloverhash,PoW,18407259.0885883,30000000,-0.12221655059277398,-2.331768082625775,0.4769941833783631,ChanCoin,0
DCY,CryptoNight,PoW,1809467143.0,2000000000,0.3262910929420752,-2.244620202983041,0.4016129478473869,Dinastycoin,0
DNR,NIST5,PoW/PoS,4171382.0,10000000,-0.35439189568205687,1.5866239671757587,-0.5839654173819804,Denarius,3
DP,X11,PoW,35138975.0,100000000,-0.24588485809200497,-0.7992499990341063,0.034494761792394094,DigitalPrice,0
VUC,NIST5,PoW/PoS,62942075.0,120000000,-0.352888715056323,1.586543439726715,-0.5840136893194835,Virta Unique Coin,3
BTPL,Skein,PoW/PoS,6804362.0,100000000,-0.40747974418704597,1.976385232949627,-0.5785146639096869,Bitcoin Planet,3
UNIFY,Scrypt,PoW,18133195.0,19276800,-0.1624176297364954,-1.1873532907112958,-0.011183190169294196,Unify,0
BRIT,X13,PoW/PoS,21268092.0,30000000,-0.2835666822364055,1.8749024189713563,-0.6322941642978253,BritCoin,3
SOCC,Scrypt,PoW,5167775.0, 75000000,-0.16218006168563334,-1.187394172728846,-0.011182898279275825,SocialCoin,0
ARC,X11,PoW,26042364.3735553,60000000,-0.24628099833416173,-0.7992206908033832,0.03450520814149115,ArcticCoin,0
DAS,X11,PoW,2622886.0,18900000,-0.24686054656383602,-0.7991906058571383,0.03452409000012142,DAS,0
LINDA,Scrypt,PoW/PoS,9044930943.24243,50000000000,0.14329644354503548,0.9226179380948349,-0.5539029784927385,Linda,3
XLC,CryptoNight,PoW,14161803.0,54000000,0.2904357545100873,-2.2431971702879943,0.40290442101580975,LeviarCoin,0
ONION,X13,PoW/PoS,21917018.0492836,18898187.6216583,-0.28363772408487253,1.8749105599321598,-0.6322931025351387,DeepOnion,3
BTX,Time Travel,PoW,17801865.1605478,21000000,-0.22065782293863762,-1.8382768282455149,0.2591952508833073,Bitcore,0
GCN,Scrypt,PoW,163055097500.0,200000000000,3.259212806573522,-1.333635885862188,-0.13147728432716066,gCn Coin,0
SMART,Keccak,PoW,2241009149.22257,5000000000,-0.12759957009830103,-1.0644336247447195,0.16399949677103148,SmartCash,0
SIGT,SkunkHash v2 Raptor,PoS,107972766.0,137500000,-0.34149303146335147,1.4497858780586994,-0.19320720426313828,Signatum,3
ONX,X11,PoW,122475638.389743,1100000000,-0.23769854344492294,-0.7999829960619903,0.034314709922353054,Onix,0
CRM,Skein,PoW/PoS,47331802.4774238,100000000,-0.4069829276040664,1.976385317216706,-0.5785381296873405,Cream,3
BCH,SHA-256,PoW,17995589.6469082,21000000,-0.1584921421664117,-1.1792783857004308,0.25718736618644034,Bitcoin Cash,0
XMCC,X11,PoW/PoS,12569262.5359307,9507271,-0.40739537875770426,1.3474135589575529,-0.4965019793986517,Monoeci,3
DFT,Scrypt,PoS,18663297.3489799,17405891.19707116,-0.27154964502586787,0.6612152803024576,-0.2712281902421419,Draftcoin,3
VET,VeChainThor Authority,Proof of Authority,55454734800.0,86712634466,4.3214240914126485,4.450792663615055,16.168523784899207,Vechain,1
SOJ,Scrypt,PoW,485214.0,10500000000,-0.08805655690727997,-1.1950375696150999,-0.012530048373054168,Sojourn Coin,0
STCN,PoS,PoS,4000000.0,61599965,-0.3284680788294322,1.3887108499293324,-0.1445807991405995,Stakecoin,3
NYC,Scrypt,PoW,143006669741.687,0,1.5903088254877797,-1.1870418470526747,-0.09397243145364137,NewYorkCoin,0
FRAZ,Scrypt,PoW,9704042.0,20000000,-0.1625158147309676,-1.1873538384724753,-0.011178403250851883,FrazCoin,0
KRONE,Scrypt,PoW,17453749.4042601,84000000,-0.1619654096767264,-1.1874007457907239,-0.011191177324489897,Kronecoin,0
ACC,Scrypt,PoW,32646731.063036,100000000,-0.1616653116118017,-1.1874124450585435,-0.011202045936567581,AdCoin,0
LINX,Scrypt,PoW,33716526.0,100000000,-0.16165219724141933,-1.1874124428341621,-0.011202665358120653,Linx,0
XCXT,Scrypt,PoW/PoS,19539588.0,48252000,-0.3227841379307056,0.9592227258011798,-0.542209282833976,CoinonatX,3
ETHD,Scrypt,PoW/PoS,4200000.0,4200000,-0.32328564211165817,0.9592549918909132,-0.5421946970754311,Ethereum Dark,3
SUMO,CryptoNight,PoW,8946653.0,88888888,0.29062008115677884,-2.2432227609185253,0.40290292311634185,Sumokoin,0
ODN,SHA-512,PoS,25000000.0,91388946,-0.3073157695487536,1.2564031504527333,0.016745025295114093,Obsidian,3
ADA,Ouroboros,PoS,25927070538.0,45000000000,0.6856229228877148,1.363055614139369,0.08070637667687634,Cardano,3
REC,X11,PoW/PoS,7262402.04264803,27000000,-0.4073359617748039,1.3474007226282414,-0.4965011716882269,Regalcoin,3
BTCZ,Equihash,PoW,5211553258.01514,21000000000,0.08299230217005304,-2.2102977434120787,0.22659903580914356,BitcoinZ,0
TZC,NeoScrypt,PoW/PoS,182638400.0,400000000,-0.3381014497780882,0.5597463195122602,-0.2260913785019394,TrezarCoin,3
ELM,X11,PoW,2702855668.85288,1800000000,-0.20108528522077068,-0.800490855817884,0.03273000690619045,Elements,0
TER,Scrypt,PoW/PoS,1140734.91680375,15733333,-0.32324107749540587,0.9592465295366928,-0.5421944191032742,TerraNovaCoin,3
VIVO,NeoScrypt,PoW,4165967.57499639,27000000,-0.18235352200120722,-1.5865778335372043,0.3050817825001993,VIVO Coin,0
RUP,Lyra2REv2,PoS,24000000.0,24000000,-0.3375301574171629,0.7685055650641691,-0.10731025532140127,Rupee,3
BTG,Equihash,PoW,17202361.088994,21000000,-0.12996378869914973,-2.19492718947485,0.2323230409186318,Bitcoin Gold,0
WOMEN,Scrypt,PoW/PoS,48459472454.0,25000000000,0.44857838991170335,0.941029356755434,-0.5734872993877811,WomenCoin,3
MAY,SHA-256,PoW/PoS,92050800.0,100000000,-0.31761210500094966,0.9672611047538069,-0.27388726820820664,Theresa May Coin,3
NAMO,NIST5,PoW/PoS,560563220.0,1200000000,-0.3391035632341486,1.585752641496994,-0.5844416584968987,NamoCoin,3
LUX,PHI1612,PoW/PoS,8305775.31777569,60000000,-0.4002141993806038,1.8803484435637778,-0.5367508850534876,LUXCoin,3
PIRL,Dagger,PoW,33986980.0,156306732.71,-0.15848291839617965,-2.1559579164440614,0.42365571973490385,Pirl,0
XIOS,Scrypt,PoW/PoS,2149688.0,21000000,-0.3231912330829799,0.959242670226907,-0.5421956852411911,Xios,3
BTDX,Quark,PoW/PoS,30711550.5294042,200000000,-0.3959424906975582,1.7193656592017583,-0.5020660684812779,Bitcloud 2.0,3
EBST,Scrypt,PoW,99990001.493466,100000000,-0.16083976592947447,-1.1874123050343863,-0.011241038337562343,eBoost,0
KEK,POS 2.0,PoS,12330806.30517,21000000,-0.32811846585747556,1.3320953123683197,-0.2254308485776645,KekCoin,3
BLHC,Scrypt,PoW/PoS,16362544.992,14788275.991,-0.32306120154050966,0.9592472540823879,-0.5422031103087316,BlackholeCoin,3
XIN,SHA-256,PoS,8999999990.0,9000000000,-0.09361737263981522,0.6627242775613388,-0.009220864876569148,Infinity Economics,3
PURA,X11,PoW,175215859.0,350000000,-0.24238876911073867,-0.7994330024337427,0.03438128515432769,Pura,0
INN,NeoScrypt,PoW,6375259.04,45000000,-0.18219835666268985,-1.5865910261587364,0.30507817260335995,Innova,0
ELLA,Ethash,PoW,12756367.0,280000000,-0.1693520741538576,-1.9455397972842017,0.3311266127543133,Ellaism,0
GBX,NeoScrypt,PoW,5832306.875,31800000,-0.18229893949265874,-1.5865813493298446,0.3050801961548337,GoByte,0
MAG,X11,PoW/PoS,38198594.8342105,144000000,-0.40612418817120055,1.347315005053675,-0.49653423356423376,Magnet,3
TAU,DPoS,DPoS,288090567.493887,500000000,3.6514316626557974,2.492716917964168,-0.46036707636941976,Lamden Tau,3
ECA,NIST5,PoW/PoS,28399150208.0,30000000000,0.20709470679574335,1.5646949807959707,-0.6042895813403765,Electra,3
BCD,X13,PoW/PoS,183534024.889807,210000000,-0.28029668002072605,1.874770784212163,-0.6324114247913549,Bitcoin Diamond,3
XSH,Multiple,PoW,481730566.566176,660000000,-0.130265445355397,-1.7351173673742597,0.395738074813537,SHIELD,0
CNBC,Scrypt,PoW/PoS,110976977.29338,210000000,-0.3205122818524161,0.9591043257472766,-0.5422831695942582,Cash & Back Coin,3
XUN,CryptoNight,PoW,19281821413.4924,85000000000,1.1310816581736647,-2.3054376991691257,0.3807491892594504,UltraNote,0
COAL,CryptoNight,PoW,4500000.0,12500000,0.29002201219262735,-2.243166763464518,0.4029153888413781,BitCoal,0
DAXX,Ethash,PoW,520891780.0,10000000000,-0.09395860219519793,-1.952665236959072,0.3295738217106604,DaxxCoin,0
BWK,NIST5,PoS,13247178.8807286,27716121,-0.3026898493994695,1.2885809375812116,-0.31299637513267375,Bulwark,3
KLKS,Quark,PoS,16955764.902064,20000000,-0.3459272151111135,1.4214675433678579,-0.23105820562947893,Kalkulus,3
AC3,X11,PoW,80316207.0,550000000,-0.24212898723390727,-0.7995798354794775,0.03441033634470651,AC3,0
LTHN,CryptoNight-V7,PoW,441250233.377,999481516,-0.14430232132672915,-2.152972988425538,0.4422925057803297,Lethean,0
GER,Scrypt,PoW/PoS,4911500269.41,50000000000,0.09262566643291228,0.9226093436184537,-0.5515096823951778,GermanCoin,3
LTCU,Scrypt,PoW/PoS,8419402.321,150000000,-0.3221964520780037,0.9591481032208402,-0.5422160187862561,LiteCoin Ultra,3
POP,Scrypt,PoW,3964201248.87125,4999999999,-0.07860248261806126,-1.1909968455895645,-0.014112921000225473,PopularCoin,0
PNX,X11,PoW/PoS,45174214.1078625,50000000,-0.40670754906495027,1.3473839383484096,-0.4965261011032372,PhantomX,3
PHO,BLAKE256,PoW,30089671530.5228, 90000000000,1.1001413730236622,-1.3268377532133633,0.10261538369274732,Photon,0
SUCR,X11,PoW,4229040.50393462,19800000,-0.24683445297763495,-0.7991912623782867,0.034523043486430524,Sucre,0
SPK,NeoScrypt,PoW,7847417.33355824,21000000,-0.1823510860016275,-1.586573426810773,0.3050804278040107,SparksPay,0
WAGE,Quark,PoS,27299680.0,120000000,-0.34508884397677037,1.421394247013195,-0.23107714316599498,Digiwage,3
GUN,NeoScrypt,PoW,299797953.0,500000000,-0.1753637233398066,-1.5869240123304071,0.3048493632311376,GunCoin,0
IRL,Scrypt,PoW,45483049.3398182,64000000,-0.16176411841868268,-1.187386023938057,-0.011204816896570645,IrishCoin,0
TROLL,Scrypt,PoW/PoS,591022748.0,900000000,-0.30971769558212675,0.9585994306369514,-0.5426504640510917,Trollcoin,3
LCP,Scrypt,PoW/PoS,2504486.227718,4000000,-0.3233078501604152,0.9592551350012244,-0.5421936894600365,Litecoin Plus,3
MONK,X11,PoS,4407252.0,21000000,-0.3559489304285136,1.0493750563791056,-0.22552215046902913,Monkey Project,3
PCOIN,X11,PoW,8478104.33969947,23000000,-0.24675959452158316,-0.7991935997149743,0.034520168891693154,Pioneer Coin,0
UBTC,SHA-256,PoW,20166000.0,20166000,-0.1584714700770502,-1.179277769716612,0.2571862174868877,UnitedBitcoin,0
ITZ,C11,PoW,11916588.09471,23000000,-0.2225541890145087,-0.9958151871924859,0.14548775960109736,Interzone,0
TPAY,POS 3.0,PoS,20445861.5344251,25000000,-0.3235890927190134,1.3468105086383249,-0.1419306049303043,TokenPay,3
MCT,Ethash,PoS,1618033.0,1618033,-0.2805946928245112,-0.0967685185351278,0.07112417232792727,1717 Masonic Commemorative Token,3
MBC,Scrypt,PoW and PoS,9399342.52839847,30000000,-0.2653911303068877,0.05208042946424558,-0.5210705641588105,My Big Coin,3
TRTL,CryptoNight,PoW,53139835213.77,1000000000000,8.056981487852521,-2.976225740063934,0.24266803515306354,TurtleCoin,0
MUN,SkunkHash,PoW,4818338.98949984,16600000,-0.1861421303413498,-2.0197829637949494,0.4219463464346653,MUNcoin,0
USX,Scrypt,PoW/PoS,234846265.782157,232000000,-0.3188372518595143,0.9590884533739961,-0.5423577397313815,Unified Society USDEX,3
NBR,CryptoNight,PoW,133932467.774108,336000000,0.2939106158002478,-2.243403677625488,0.4027985584146183,Niobio Cash,0
SSS,Scrypt,PoW,10000000000.0,10000000000,0.030967360521303774,-1.194650188713884,-0.0182551220149625,ShareChain,0
TRF,Dagger,PoW,107325266.027783,100000000,-0.1579845415799231,-2.1559164810619267,0.42362054693267603,Travelflex,0
KREDS,Lyra2REv2,PoW,643795911.540095,1100000000,-0.21315055498164587,-1.0808492446191644,0.15223648845878654,KREDS,0
TOKC,X13,PoS,230298925.0,800000000,-0.2240604258444129,1.5763082466763982,-0.36153830598720577,Tokyo Coin,3
BBP,Proof-of-BibleHash,POBh,1772091549.88818,5200000000,-0.20687208568971535,2.5587644309507587,11.974140774138943,BiblePay,1
LCC,SHA-256 + Hive,PoW + Hive,638382332.208514,840000000,-0.2970586487973101,1.7593174218428738,10.215800867148554,LitecoinCash,1
FLIP,Scrypt,PoW,12446100.00278,40000000,-0.1623398869807426,-1.1873684963434943,-0.01118258059084283,BitFlip,0
LOT,Scrypt,PoW,14491014421.0,18406979840,0.1458430071644293,-1.200804668634867,-0.02194402437058976,LottoCoin,0
CIF,X11,PoW,211297638.500483,500000000,-0.24087909968143986,-0.7995429042038729,0.03434097099177197,Crypto Improvement Fund,0
SPD,C11,PoW/PoS,11251342.1879021,19340594,-0.383178310189658,1.1507847520080197,-0.3855329079347135,Stipend,3
POA,Proof-of-Authority,PoA,204479039.0,252460800,-0.2642994522608566,0.04402420410103698,13.795498142070667,Poa Network,1
PUSHI,X11,PoW/PoS,2167827.1,25000000,-0.407412646347823,1.3474021783925432,-0.49649796291415277,Pushi,3
ELP,XEVAN,PoW/PoS,419275.38,60000000,-0.28011408711885616,1.3224198952818265,-0.33419622089543605,Ellerium,3
VLX,Scrypt,PoS,25570013.1348022,124000000,-0.270706488196099,0.661137142141349,-0.271245991432877,Velox,3
ONT,VBFT,PoS,650848625.0,1000000000,-0.30778655919786196,1.3182227474143713,-0.18147537932636643,Ontology,3
CLO,Ethash,PoW,247612453.0,6500000000,-0.12221353162453882,-1.9500996799955488,0.33018524392630455,Callisto Network,0
TUBE,CryptoNight,PoW,80049082.9057215,1000000000,0.2979748796664447,-2.243890620269051,0.40274378063253813,BitTube,0
PSD,Scrypt,PoW,4070212.1493016,21000000,-0.1625777628823688,-1.187354583365295,-0.011175270692308671,Poseidon,0
ADK,IMesh,PoW,25000000.0,25000000,-0.18010522588046546,-2.042695467827956,0.31659549274472965,Aidos Kuneen,0
BSX,NIST5,PoW/PoS,13787854.6277781,50000000,-0.3539893825710468,1.5865946600259633,-0.5839761647361736,Bitspace,3
BRIA,Scrypt,PoW/PoS,845637.81347436,3000000,-0.3233353012766135,0.9592558647306711,-0.5421925994877544,Briacoin,3
IC,Scrypt,PoW/PoS,1182153.5,5000000,-0.3233169446590091,0.9592543990731274,-0.5421930532997769,Ignition,3
BTL,Equihash,PoW,71355477.0,70000000,-0.1289512700379653,-2.194963002629003,0.2322853410718964,Bitrolium,0
MEDIC,Scrypt,PoS,267297676.3125,500000000,-0.2650677106700694,0.660861969593534,-0.2714346397202151,MedicCoin,3
ALPS,Lyra2Z,PoW,27340501.6514783,300000000,-0.17292470213142971,-2.1043465667935486,0.3425104888214777,Alpenschillling,0
BITG,Green Protocol,PoS,9803691.3618195,21000000,-0.34618284827529977,1.49460808089624,-0.1247375767225525,Bitcoin Green,3
DEV,PoS,PoS,21876586.8530324,88000000,-0.32806107980049765,1.38869153115808,-0.1445945682146806,Deviant Coin,3
ABJ,Scrypt,PoW/PoS,9880502.37178894,30000000,-0.3230324217345143,0.9592360876936672,-0.5422013268049547,Abjcoin,3
SEM,Semux BFT consensus,DPoS,1231147.0,100000000,3.8058415214267076,2.645954322956019,-0.626453942537964,Semux,3
FTO,X11,PoW,31801461.1867843,100000000,-0.24592577190715825,-0.7992500059736648,0.03449669424497771,FuturoCoin,0
CARE,Quark,PoW/PoS,139739596.506702,200000000,-0.3946059409274943,1.7193658858993957,-0.5021291967680581,Carebit,3
NZL,PoS,PoS,11075254.0929996,80000000,-0.32825041625398155,1.3886973741282904,-0.14458727827435308,Zealium,3
XMC,CryptoNight,PoW,16016864.0,18400000,0.2902051772626508,-2.2431710652718437,0.40290795651609906,Monero Classic,0
PROTON,X16R,PoS,4403800.0,45000000,-0.31883848632997414,0.6624755347310832,-0.03781358435834757,Proton,3
DEAL,Scrypt,PoW/PoS,1404157529.46026,5121951220,-0.2697076322255479,0.9555056769714769,-0.5436679482485415,iDealCash,3
JUMP,NIST5,PoW,21069346.2522598,21000000,-0.19351654806370677,-0.5599813202393127,-0.05295509922903081,Jumpcoin,0
INFX,Lyra2RE,PoW,5097689.71077377,26280000,-0.16107224896396483,-2.205422849619927,0.33334624769017385,Infinex,0
XBI,XEVAN,PoS/PoW,10904963.0923455,21000000,-0.2532660640373937,0.8980821742243765,0.03295988049496736,Bitcoin Incognito,3
KEC,Tribus,PoW,795447.0,18000000,-0.11413835567716285,-2.1538290558448856,0.9098651043691731,KEYCO,0
HWC,Scrypt,PoS,38706809.466535,26000000,-0.27124278333383267,0.6612090209612651,-0.271240908420219,HollyWoodCoin,3
GIN,Lyra2Z,PoW,6986399.70430446,10500000,-0.17523420617469718,-2.1041343539035124,0.3425597594003027,GINcoin,0
PLTC,CryptoNight,PoW,84300.0,600000518,0.29414834362666165,-2.2435975154669987,0.40284187418444806,PlatinCoin,0
LOKI,CryptoNight Heavy,PoW,19153632.0,150000000,0.5692637920643961,-2.1805987964140283,0.3599258008303783,Loki,0
NCP,CryptoNight,PoW,41294520017.0,184000000000,2.1053820544429533,-2.377976612775611,0.35518479801634584,Newton Coin,0
SIC,Scrypt,PoW/PoS,10200000000.0,10200000000,-0.12574767744763704,0.9518008489988532,-0.5494183471089857,Swisscoin,3
XT3,Scrypt,PoS,7630000.0154,44000000,-0.27149566466007047,0.6611957591292804,-0.27122524534462683,Xt3ch,3
MGD,Jump Consistent Hash,PoW,135862416.039898,168000000,-0.14114380539758925,-2.0634921691589323,0.5336689919624849,MassGrid,0
VIG,SHA-256D,PoW/PoS,33238183.7225834,100000000,-0.34099425100816805,2.0076687973256226,-0.6322709036873556,TheVig,3
PLURA,CryptoNight,PoW,560085952.404637,1000000000,0.3038595413771076,-2.243889622147669,0.4024658346701852,PluraCoin,0
EMAR,Scrypt,PoW/PoS,21599339.6728,84000000,-0.32250451677417763,0.9591965204145056,-0.5422151042119379,EmaratCoin,3
DKD,X15,PoS,30284196.369129,90000000,-0.17693807003829679,1.599185621835993,-0.3148288581062745,Dekado,3
LYNX,Scrypt,HPoW,77872059787.8998,92000000000,2.301524182424337,-0.2409354936561756,-0.4090728471666698,Lynx,0
POSQ,Quark,PoS,2716264.95302831,650000000 ,-0.3416188989013675,1.4210056112274323,-0.23113153517657256,Poseidon Quark,3
BWS,SHA-256,PoS,57811001.000889,100262205,-0.26656525104387024,0.6692307819329889,-0.0028908858252729183,BitcoinWSpectrum,3
MUSE,DPoS,PoS,18194936.0,18081806 ,0.9861902066031168,1.9555700302139978,-0.26490893590992726,Muse,3
XMN,X16R,PoW,8125865.02097646,22075700,-0.2098307793339297,-1.18607484812425,0.22223216422927244,Motion,0
PLUS1,HMQ1725,PoW,8645406.16776286,21000000,-0.20358482371855346,-1.9677269582409243,0.24833289554000926,PlusOneCoin,0
AXE,X11,PoW,4993030.69736615,21000000,-0.2468165485878911,-0.7991921406041007,0.034522445749040974,Axe,0
TRVC,X16R,PoW/PoS,36923120.6205934,82546564,-0.3696373963408085,0.9604781333933681,-0.30881386616446505,Trivechain,3
DTEM,Quark,PoS,7082392.24744494,21000000,-0.34604113484385374,1.4214667896599273,-0.23105261833489532,Dystem,3
GIC,Quark,PoW/PoS,5919489.76813523,5151000,-0.39763289294631127,1.7195084667742333,-0.5020264839867522,Giant,3
PNY,Scrypt,PoS,1042012.45227735,16880000000,-0.1517769285071399,0.6488519501258873,-0.27340140834703613,Peony Coin,3
ABS,Lyra2REv2,PoW/PoS,13332617.9413708,52500000,-0.3889228557006812,1.0665147066774185,-0.3782843602343127,Absolute Coin,3
VITAE,Quark,PoS,66053877.6256106,100000000,-0.3447560786616333,1.4214089911657115,-0.23109699255694433,Vitae,3
HEX,Scrypt,PoW,1416663.06600024,22105263,-0.16260242743921238,-1.187355399237918,-0.011173877374761276,HexCoin,0
TPC,Scrypt,PoW/PoS,5403802.49590733,1000000000,-0.3161850962532338,0.9585248951206489,-0.5423243333619325,TPCash,3
WEBC,CryptoNight-V7,PoW,15580199.3087496,1750000000,-0.14418006721245333,-2.153524137613153,0.44244179336065187,Webchain,0
RYO,Cryptonight-GPU,PoW,4890897.0,88188888,-0.21179392704537314,-2.067164727988796,0.16061678104765523,Ryo,0
URALS,XEVAN,PoW,14746153.0962884,210000000,-0.11828117909682229,-0.8242873093078674,0.1967975877901135,Urals Coin,0
QWC,CryptoNight Heavy,PoW,99553110528.8022,184470000000,3.1009888387034916,-2.315531323338837,0.27842835748280814,Qwertycoin,0
ARE,X11,PoS,19269509.94,55000000,-0.3555248044877257,1.0493501592084022,-0.22553515828473591,ARENON,3
EUNO,X11,PoW/PoS,30771125.9760867,50000000,-0.4068841132137266,1.3473839084006465,-0.49651776157674243,EUNO,3
MMO,Scrypt,PoS,107763867.917675,260000000,-0.2687311608723768,0.6610376007509341,-0.2713111921668949,MMOCoin,3
KETAN,PoS,PoS,9327131.59708692,210000000,-0.3273468083941592,1.3886020572724345,-0.14460309889792317,Ketan,3
PPAI,SHA-256,PoW,2100000000.0,2100000000,-0.11817584097496604,-1.180798335030542,0.25571267024744704,Project Pai,0
XDNA,Keccak,PoW/PoS,4672513.84432375,366000000,-0.3485782700035111,1.0855565326571088,-0.3651271446724057,XDNA,3
PAXEX,X11,PoS,4504639.0,100000000,-0.3553855982939426,1.049317135470342,-0.2255324360221208,PAXEX,3
AZART,X11,PoW,5015881.37315389,25000000,-0.24678780576849274,-0.7991950732710823,0.03452191458587091,Azart,0
TSC,Scrypt,PoW/PoS,1059954080.43439,18000000000,-0.18229113923804705,0.9460630512051772,-0.545136140850273,ThunderStake,3
KCASH,SHA-512,Zero-Knowledge Proof,1000000000.0,1000000000,-0.2827060762863906,1.1201461961884203,0.3297241951090257,Kcash,3
XCG,X16R,PoW,9753753.61515394,100000000,-0.20925633946301458,-1.1861319771704575,0.22222113178601696,Xchange,0
AAC,ECC 256K1,DPOS,1000000000.0,1000000000,-0.4083496381445302,5.363022867061965,9.90521993647415,Acute Angle Cloud,1
CRYP,Equihash,PoW,4235111504.0,7600000000,-0.02432771200137254,-2.2004751801332914,0.22889947854289647,CrypticCoin,0
BTXC,XEVAN,PoS,6787405.18013774,50000000,-0.2286424524019287,1.0243971809247807,-0.06322202211152826,Bettex coin,3
ACM,Lyra2Z,PoW,13634850.0,84000000,-0.17462970227011648,-2.104188228708483,0.3425463928756454,Actinium,0
BSV,SHA-256,PoW,17992514.6469233,21000000,-0.15849217986213002,-1.1792783857068245,0.25718736796689495,Bitcoin SV,0
BITM,XEVAN,Pos,208515864.367343,70000000000,0.6584847752639769,0.4526221005483608,0.19913244500058389,BitMoney,3
JMC,X11,PoS,17209923728.3266,0,-0.14517988550670513,1.0494262278695514,-0.23548159077172057,Junson Ming Chan Coin,3
FRED,CryptoNight,PoW,1867054873.28397,8080000000,0.37026034898272725,-2.2490778092740698,0.4007923467358599,FREDEnergy,0
HERB,Quark,PoW/PoS,35312185.7437239,54000000,-0.39692498105208873,1.7194727128467058,-0.5020498277603583,HerbCoin,3
UMO,Blake,PoW,1578281.31341127,105120001.44,-0.14077472476136876,-2.223520687062657,0.36089112129345774,Universal Molecule,0
LIT,Blake,PoW,15846721.2482747,25228800,-0.14116829102302525,-2.2234620828737612,0.36089320429017346,Lithium,0
PIRATE,Equihash,PoS,13475920.0,105000000,-0.23853695453609258,-0.3464215860262719,-0.027730613406314445,PirateCash,0
EXO,Exosis,PoW,406091.925,21000000,-0.1561423972924028,-2.118987093631999,0.4393889655076911,Exosis,0
BLTG,Scrypt,PoW,35284717.173946,120000000,-0.16149065965499207,-1.187427103145955,-0.011206163017932634,Block-Logic,0
OWC,Scrypt,PoW/PoS,14777549.3940764,21000000,-0.32303643103098156,0.9592426964835117,-0.5422029968943383,Oduwa,3
BEAM,Equihash,PoW,35687520.0,262800000,-0.12801661327542674,-2.195104433630564,0.23228102881977292,Beam,0
GALI,Quark,PoW/PoS,18265011.2486006,19035999,-0.39738275090039893,1.7194983122593257,-0.5020354300351212,Galilel,3
BTH,Equihash,PoW,25150787.5,30886000,-0.12979600520703025,-2.1949344211518778,0.23231715863337668,Bithereum,0
CSPN,Quark,PoS,1934701.67524713,13370000,-0.34615853179690903,1.421472373109439,-0.23104864981649528,Crypto Sports,3
CREDIT,Scrypt,PoW/PoS,30825710000.0296,74800000000,0.5867707395131893,0.904480396131093,-0.5697254398970645,Credit,3
SLC,QuBit,PoW,12925790.4226959,100000000,-0.20994988569729806,-1.392635046303721,0.055669492344780865,SLICE,0
DASHP,X11,PoS,715659.44237941,19700000,-0.3560034351905761,1.0493760018355356,-0.2255198446734159,Dash Platinum,3
NSD,Scrypt,PoW/PoS,20546528.2059957,84000000,-0.3225174229481005,0.9591965182254375,-0.542214494623977,Nasdacoin,3
BEET,XEVAN,PoW/PoS,198938144.363399,500000000,-0.27454959310365906,1.3220977094597979,-0.334368137794089,Beetle Coin,3
TTN,SHA-256D,PoW/PoS,896361168.0,5000000000,-0.2955466193066513,2.004078016727424,-0.6334051273943606,Titan Coin,3
AWR,X11,PoW/PoS,15420234.5389336,420000000,-0.4044394966807821,1.3471126003914593,-0.4965567820108779,Award,3
BLAST,SHA-256,PoW,52293836.6277958,64000000,-0.15776571382976462,-1.1793098410662741,0.257161939398307,BLAST,0
XRC,X13,PoW,1170292.5,2100000,-0.12342165692746936,-0.2716744247190663,-0.10125738834931901,Bitcoin Rhodium,0
GLT,SHA-256,PoW,84613099.9999955,168000000,-0.1566294892508204,-1.1793860244429721,0.2571297599914676,GlobalToken,0
INSN,X11,PoW/PoS,23775960.3207514,30000000,-0.4071121788336541,1.3473985574283496,-0.4965111216465327,Insane Coin,3
ALX,DPoS,DPoS,1000000000.0,1000000000,3.663716634127989,2.492351808897108,-0.4608440203260563,ALAX,3
LDOGE,Scrypt,PoW/PoS,15318887081.0146,35000000000,0.11347231230571096,0.9336286626323483,-0.555593412877516,LiteDoge,3
SLR,Scrypt,PoW,55565076.3863525,98100000000,0.5359517453406567,-1.2592639025084025,-0.023904659905521413,SolarCoin,0
TRK,X11,PoW/PoS,242574105.22384,0,-0.4046434528734913,1.347421007725249,-0.49663392338281387,TruckCoin,3
UFO,NeoScrypt,PoW,3824685012.0,4000000000,-0.10724808167273887,-1.5894828083565737,0.3023552288788026,UFO Coin,0
OC,Scrypt,PoW/PoS,3537150.0,200000000,-0.3219005187600074,0.9591114341381942,-0.5422196660703416,OrangeCoin,3
BLC,Blake,PoW,23356790.1494191,7000000000,-0.09144602487073453,-2.2285758204060246,0.3599857408751804,BlakeCoin,0
BITS,Scrypt,PoW/PoS,20576532.0,54256119,-0.3227287029156299,0.9592183258655522,-0.5422106606664753,BitstarCoin,3
NEOS,SHA-256,PoS,4392258.24647793,21000000,-0.26778410319527074,0.6692887842159005,-0.002849692743468411,NeosCoin,3
HYPER,Scrypt,PoW/PoS,9631199.99309942,0,-0.3232489481117042,0.9592580825340076,-0.5421972979634112,HyperCoin,3
PINK,X11,PoW/PoS,436353624.490312,500000000,-0.39871011698456893,1.3470548213314704,-0.4968108651385569,PinkCoin,3
CESC,Scrypt,PoW,780210700.0,1000000000,-0.14609698954663605,-1.188070751439959,-0.011751427453492256,Crypto Escudo,0
ADC,Scrypt,PoW/PoS,980732528.97974,10500000000,-0.2366298571884426,0.9515617261592408,-0.5441191475430232,AudioCoin,3
NKA,SHA-256,PoW/PoS,17939725045.334,190000000,-0.09818115562788027,0.9672322286299013,-0.28423289665699847,IncaKoin,3
PIGGY,X11,PoW/PoS,494240666.028571,1000000000,-0.39444265576333387,1.3466883523819206,-0.4969091238432707,Piggy Coin,3
CRW,SHA-256,PoW,22986929.0854247,42000000,-0.15828152531721024,-1.1792937720732326,0.2571817570077717,Crown Coin,0
GEN,Scrypt,PoW/PoS,60000000.0,15000000,-0.32252475344467907,0.9592471895844781,-0.5422284042293788,Genstake,3
SMLY,Scrypt,PoW,29583989322.9213,50000000000,0.5556699689913848,-1.2239366134514942,-0.034773764199341674,SmileyCoin,0
MI,Scrypt,PoW/PoS,404316475.545465,400000000,-0.315564322163225,0.9589656317378488,-0.5424776177732528,XiaoMiCoin,3
GRS,Groestl,PoW,73298203.8873662,105000000,-0.21913060187443265,-1.2097906963611704,-0.0525018415139815,Groestlcoin,0
CPC,X11,PoW/PoS,201364327.427503,208000000,-0.4036685737658359,1.3472684208857255,-0.4966369950105739,CapriCoin,3
CLUB,Scrypt,PoW/PoS,103621876.167052,160000000,-0.3209582300751979,0.9591409693852856,-0.5422724367648805, ClubCoin,3
RADS,PoS,PoS,3821245.74150193,9000000,-0.32884455436927856,1.3887494147275912,-0.14457388483351613,Radium,3
BTA,Scrypt,PoW,5052555.91981545,5000000,-0.1626795713485994,-1.187342850464771,-0.011173767749158757,Bata,0
PAK,Scrypt,PoW,69684455.4387001,182000000,-0.16062778934349803,-1.187472488694618,-0.01123410874943882,Pakcoin,0
CRB,X11,Proof of Trust,16901016.6609755,16504333,-0.43959945232805775,1.052851630174087,-0.24113156902581567,Creditbit ,3
OK,SHA-256,PoW/PoS,74676064.9488608,105000000,-0.317789519513907,0.9672574027341007,-0.27387785548508853,OKCash,3
LSK,DPoS,DPoS,120012140.0,159918400,3.6469513178364252,2.492965909044811,-0.460225722523445,Lisk,3
XHI,Scrypt,PoS,10000244677.7002,10008835635,-0.07809196944197914,0.6539105318973496,-0.27830134314070126,HiCoin,3
XWC,Scrypt,PoW/PoS,252005564.19257,300000000,-0.3181430340924564,0.9590386329062383,-0.5423764799810822,WhiteCoin,3
FSC,NeoScrypt,PoW/PoS,1120385.00502,60168145,-0.34274477030919653,0.5599950995408128,-0.22594227534335373,FriendshipCoin,3
J,Multiple,PoW,3332922.5,2800000,-0.140806433494456,-1.734636517095902,0.39610016794344594,JoinCoin,0
TRI,X13,PoW/PoS,140777.753365,120000,-0.2840382934841086,1.8749242824194503,-0.6322780624246688,Triangles Coin,3
VOLLAR,Equihash+Scrypt,PoW,100000000.0,2100000000,-0.15855993399832033,-2.0324320002801457,0.401463142236965,Vollar,0
EOS,DPoS,DPoS,1020544523.0722,0,3.6568528101636253,2.4930850302380096,-0.46072643270010927,EOS,3
RCC,Ethash,PoW,24487944.0958204,24487944,-0.1710264000801167,-1.9453524369136987,0.331152904552081,Reality Clash,0
OXY,DPoS,DPoS,1122382283.37,0,3.658101215873274,2.4930852419851743,-0.4607853977423565,Oxycoin,3
TCH,SHA-256,PoS,1000000000.0,1000000000,-0.24861293120925454,0.6685730724706825,-0.0035529231545458105,TigerCash,3
WAVES,Leased POS,LPoS,100000000.0,100000000,-0.3995321109740681,3.097606564605177,14.035133233957064,Waves,1
PART,PoS,PoS,9283137.5558676,8634140,-0.32878020163290667,1.3887496943250142,-0.14457699994869772,Particl,3
BTT,TRC10,DPoS,989988713439.649,990000000000,34.133279855959145,0.9573918042284574,-1.9734079476704298,BitTorrent,2
NXT,PoS,PoS/LPoS,1000000000.0,1000000000,-0.30576217773189746,1.4646255021301564,-0.04900655599945819,Nxt,3
ZEPH,SHA-256,DPoS,1999999995.3056,2000000000,2.429265208045643,1.2053416317921488,-0.19950088389915613,ZEPHYR,3
GAP,Scrypt,PoW/PoS,14931046.1546605,250000000,-0.3214050598767522,0.9590747988978898,-0.5422327374008679,Gapcoin,3
BDX,CryptoNight,PoW,980222595.0,1400222610,0.31185775380787295,-2.2441821832367164,0.40217074944991144,Beldex,0
ZEN,Equihash,PoW,7296537.5,21000000,-0.13008522191499333,-2.1949272100716315,0.23232877648572098,Horizen,0
XBC,Scrypt,PoS,128326.99633965,1000000,-0.27189359995214213,0.6612272702121634,-0.2712153340304305,BitcoinPlus,3
